product_id,product_name,category,subcategory,base_price,cost_price
1,Product_1,Beauty,A,725.79,422.46
2,Product_2,Home,C,1158.27,1293.6
3,Product_3,Home,C,440.29,31.97
4,Product_4,Sports,B,649.91,1403.11
5,Product_5,Beauty,B,683.44,1124.15
6,Product_6,Beauty,B,1985.03,630.84
7,Product_7,Electronics,B,1715.98,874.46
8,Product_8,Home,A,1683.52,1400.86
9,Product_9,Beauty,D,1051.46,882.19
10,Product_10,Sports,B,960.35,358.28
11,Product_11,Electronics,D,186.74,867.85
12,Product_12,Home,A,434.79,1309.74
13,Product_13,Home,A,1795.93,1481.43
14,Product_14,Home,C,1075.0,884.44
15,Product_15,Electronics,D,1975.5,250.35
16,Product_16,Sports,D,1203.99,1162.19
17,Product_17,Sports,A,786.1,1495.43
18,Product_18,Beauty,C,584.51,720.98
19,Product_19,Beauty,B,1840.8,587.92
20,Product_20,Home,B,772.93,837.7
21,Product_21,Fashion,C,334.98,263.85
22,Product_22,Beauty,C,592.6,1457.5
23,Product_23,Sports,B,1308.97,1260.74
24,Product_24,Home,A,309.37,187.23
25,Product_25,Sports,A,228.55,1418.72
26,Product_26,Home,C,942.37,1415.37
27,Product_27,Electronics,A,213.12,488.21
28,Product_28,Beauty,A,816.23,936.33
29,Product_29,Electronics,D,679.31,183.92
30,Product_30,Beauty,B,813.38,144.6
31,Product_31,Sports,C,1001.19,762.66
32,Product_32,Sports,B,411.39,93.52
33,Product_33,Fashion,D,912.73,1314.84
34,Product_34,Sports,A,754.96,1393.58
35,Product_35,Home,A,1601.17,119.61
36,Product_36,Fashion,D,1404.64,89.98
37,Product_37,Home,B,1751.46,347.7
38,Product_38,Fashion,D,1354.57,1396.34
39,Product_39,Home,A,286.12,1158.14
40,Product_40,Fashion,A,1038.8,1021.22
41,Product_41,Beauty,B,1497.82,1168.99
42,Product_42,Beauty,A,1691.27,315.23
43,Product_43,Fashion,B,403.49,399.75
44,Product_44,Electronics,C,485.83,490.09
45,Product_45,Fashion,A,1731.37,915.5
46,Product_46,Electronics,A,996.54,920.17
47,Product_47,Home,B,932.22,328.74
48,Product_48,Fashion,C,1013.52,666.36
49,Product_49,Electronics,A,388.0,1041.23
50,Product_50,Fashion,A,1273.89,478.24
51,Product_51,Beauty,C,1625.55,131.71
52,Product_52,Beauty,A,1682.27,312.14
53,Product_53,Fashion,B,109.24,263.81
54,Product_54,Fashion,C,1444.62,955.28
55,Product_55,Sports,C,227.89,121.45
56,Product_56,Beauty,D,1935.39,1329.43
57,Product_57,Home,A,990.37,144.89
58,Product_58,Fashion,C,1562.06,904.91
59,Product_59,Sports,C,1262.62,1395.71
60,Product_60,Fashion,C,1906.28,112.39
61,Product_61,Beauty,D,1948.63,587.0
62,Product_62,Electronics,A,593.82,505.36
63,Product_63,Electronics,C,991.59,529.43
64,Product_64,Beauty,A,1033.27,908.46
65,Product_65,Home,C,396.51,407.91
66,Product_66,Sports,B,1812.68,60.44
67,Product_67,Fashion,C,731.73,1444.17
68,Product_68,Fashion,C,220.54,1128.19
69,Product_69,Fashion,D,351.34,219.99
70,Product_70,Sports,C,1050.94,693.63
71,Product_71,Sports,B,1769.29,112.83
72,Product_72,Beauty,C,1275.03,61.23
73,Product_73,Sports,B,468.92,90.32
74,Product_74,Fashion,B,628.77,1138.55
75,Product_75,Fashion,B,1953.25,678.49
76,Product_76,Sports,D,153.06,1269.71
77,Product_77,Sports,A,1988.96,471.72
78,Product_78,Beauty,A,1816.42,1167.48
79,Product_79,Electronics,B,1373.04,135.34
80,Product_80,Sports,D,1889.24,959.96
81,Product_81,Electronics,D,347.31,553.69
82,Product_82,Home,A,1888.05,429.55
83,Product_83,Electronics,B,464.52,1226.36
84,Product_84,Sports,A,1115.12,96.84
85,Product_85,Fashion,A,1003.09,1425.31
86,Product_86,Fashion,D,1049.29,1182.61
87,Product_87,Sports,D,571.39,546.3
88,Product_88,Beauty,C,1572.25,1487.17
89,Product_89,Sports,D,1498.04,319.68
90,Product_90,Sports,D,1910.23,615.57
91,Product_91,Beauty,A,1038.63,1329.62
92,Product_92,Beauty,D,1118.78,1495.27
93,Product_93,Home,D,1811.58,373.89
94,Product_94,Home,A,1842.91,1119.81
95,Product_95,Home,D,1316.6,472.48
96,Product_96,Beauty,D,1649.77,1154.38
97,Product_97,Electronics,C,1035.02,205.42
98,Product_98,Sports,B,806.98,517.53
99,Product_99,Home,C,1734.93,131.0
100,Product_100,Electronics,D,1565.68,748.01
101,Product_101,Sports,A,522.7,1058.22
102,Product_102,Electronics,A,142.91,580.35
103,Product_103,Fashion,B,1152.92,929.78
104,Product_104,Fashion,A,1691.15,862.25
105,Product_105,Sports,D,532.04,456.0
106,Product_106,Electronics,C,1546.42,740.43
107,Product_107,Electronics,B,857.31,122.15
108,Product_108,Beauty,C,704.63,700.67
109,Product_109,Home,A,386.99,698.12
110,Product_110,Sports,D,1871.87,62.5
111,Product_111,Electronics,B,490.11,780.53
112,Product_112,Home,A,594.42,1111.79
113,Product_113,Sports,A,696.4,689.33
114,Product_114,Electronics,C,605.09,976.12
115,Product_115,Fashion,A,367.67,807.98
116,Product_116,Electronics,C,741.18,1182.06
117,Product_117,Fashion,A,969.96,781.39
118,Product_118,Fashion,C,1125.96,510.78
119,Product_119,Beauty,C,355.17,1244.8
120,Product_120,Beauty,D,1569.86,120.08
121,Product_121,Home,B,657.48,448.4
122,Product_122,Sports,B,1840.0,895.4
123,Product_123,Home,D,692.63,1286.92
124,Product_124,Beauty,A,1732.61,126.77
125,Product_125,Home,A,737.44,162.16
126,Product_126,Sports,B,1036.37,437.93
127,Product_127,Sports,C,776.09,529.97
128,Product_128,Electronics,C,804.84,1268.44
129,Product_129,Home,B,1256.24,1439.18
130,Product_130,Beauty,B,1401.21,45.5
131,Product_131,Electronics,D,1747.42,42.73
132,Product_132,Home,A,1159.65,1299.92
133,Product_133,Sports,C,472.85,220.71
134,Product_134,Beauty,D,1979.68,522.22
135,Product_135,Home,B,1383.36,427.32
136,Product_136,Sports,D,780.77,437.16
137,Product_137,Sports,D,1938.0,506.32
138,Product_138,Home,C,1919.02,517.35
139,Product_139,Home,D,205.1,937.83
140,Product_140,Beauty,C,88.66,950.6
141,Product_141,Electronics,B,136.69,793.88
142,Product_142,Sports,C,1386.36,1290.64
143,Product_143,Electronics,A,1436.21,1271.59
144,Product_144,Electronics,B,1461.85,341.48
145,Product_145,Sports,C,1278.97,824.59
146,Product_146,Home,B,606.71,1180.08
147,Product_147,Sports,D,375.9,1302.97
148,Product_148,Electronics,B,1859.32,397.67
149,Product_149,Beauty,C,1830.62,751.27
150,Product_150,Sports,D,522.85,797.04
151,Product_151,Beauty,A,377.48,1055.46
152,Product_152,Home,B,781.91,508.78
153,Product_153,Home,C,144.39,454.31
154,Product_154,Beauty,B,366.17,1064.28
155,Product_155,Beauty,B,791.58,611.02
156,Product_156,Sports,C,515.55,25.96
157,Product_157,Home,A,1486.8,1408.01
158,Product_158,Beauty,C,1814.67,241.48
159,Product_159,Fashion,B,1822.82,239.98
160,Product_160,Sports,A,1228.34,1231.18
161,Product_161,Sports,A,1421.8,516.54
162,Product_162,Fashion,A,1013.36,505.7
163,Product_163,Home,A,336.04,941.15
164,Product_164,Beauty,B,1288.32,107.38
165,Product_165,Beauty,C,732.41,370.7
166,Product_166,Home,C,61.3,98.84
167,Product_167,Fashion,D,1171.16,451.43
168,Product_168,Fashion,D,436.82,1307.5
169,Product_169,Fashion,D,1778.69,1365.81
170,Product_170,Sports,A,1871.19,477.97
171,Product_171,Beauty,A,366.24,297.63
172,Product_172,Electronics,C,107.35,220.21
173,Product_173,Sports,A,57.89,603.74
174,Product_174,Sports,C,1830.43,1243.08
175,Product_175,Beauty,D,346.44,1281.94
176,Product_176,Home,C,898.9,87.97
177,Product_177,Beauty,A,161.46,329.66
178,Product_178,Home,C,778.02,320.69
179,Product_179,Beauty,C,1581.58,1246.08
180,Product_180,Sports,C,843.0,695.31
181,Product_181,Fashion,A,1562.38,565.22
182,Product_182,Sports,B,1393.24,1435.78
183,Product_183,Sports,D,1058.75,1389.53
184,Product_184,Electronics,B,1488.53,671.36
185,Product_185,Sports,B,1764.27,209.93
186,Product_186,Sports,B,1596.37,273.09
187,Product_187,Sports,B,1398.87,185.88
188,Product_188,Electronics,A,1418.55,1027.15
189,Product_189,Home,A,364.14,840.94
190,Product_190,Electronics,B,1903.81,843.83
191,Product_191,Fashion,B,451.05,165.6
192,Product_192,Home,C,730.46,1194.05
193,Product_193,Electronics,C,1060.07,812.65
194,Product_194,Fashion,D,296.05,154.63
195,Product_195,Fashion,D,1207.47,1125.75
196,Product_196,Beauty,D,406.22,1472.32
197,Product_197,Beauty,C,1850.57,672.95
198,Product_198,Sports,B,1782.92,191.17
199,Product_199,Home,B,1111.63,170.07
200,Product_200,Electronics,D,926.48,58.3
201,Product_201,Sports,D,250.07,1160.19
202,Product_202,Home,A,1655.44,1047.12
203,Product_203,Beauty,D,789.77,884.67
204,Product_204,Electronics,C,530.33,1153.13
205,Product_205,Fashion,C,1990.83,1498.96
206,Product_206,Fashion,D,1353.18,614.73
207,Product_207,Sports,D,194.03,1064.6
208,Product_208,Sports,A,1612.53,578.2
209,Product_209,Electronics,A,1513.28,541.05
210,Product_210,Fashion,A,832.34,1279.36
211,Product_211,Sports,C,291.19,870.65
212,Product_212,Fashion,A,1020.02,198.51
213,Product_213,Beauty,B,1538.47,617.2
214,Product_214,Sports,B,198.23,1198.9
215,Product_215,Home,B,368.71,1411.2
216,Product_216,Sports,A,1256.91,929.35
217,Product_217,Beauty,C,1141.11,603.44
218,Product_218,Electronics,C,1814.92,392.93
219,Product_219,Fashion,A,1638.84,644.6
220,Product_220,Electronics,D,1841.72,857.17
221,Product_221,Sports,D,958.62,26.54
222,Product_222,Home,A,1586.21,417.64
223,Product_223,Electronics,C,145.0,1013.84
224,Product_224,Home,B,624.26,1016.38
225,Product_225,Sports,D,1306.33,986.45
226,Product_226,Home,B,1539.18,1425.91
227,Product_227,Home,C,1162.46,861.45
228,Product_228,Beauty,D,987.43,419.2
229,Product_229,Electronics,A,504.87,1221.19
230,Product_230,Sports,B,389.66,596.28
231,Product_231,Beauty,B,1757.19,374.15
232,Product_232,Home,B,327.31,843.99
233,Product_233,Beauty,A,898.81,447.77
234,Product_234,Beauty,A,1782.54,606.32
235,Product_235,Home,B,338.04,1045.87
236,Product_236,Sports,A,298.72,1494.0
237,Product_237,Fashion,D,1400.39,974.2
238,Product_238,Beauty,C,696.57,429.19
239,Product_239,Electronics,D,899.63,153.89
240,Product_240,Home,A,1269.91,555.71
241,Product_241,Fashion,C,789.0,48.58
242,Product_242,Beauty,B,1609.69,707.84
243,Product_243,Home,B,1939.52,996.78
244,Product_244,Home,C,1869.47,777.46
245,Product_245,Beauty,D,1113.63,1300.62
246,Product_246,Electronics,B,741.89,751.19
247,Product_247,Home,B,895.78,704.32
248,Product_248,Home,B,693.81,478.32
249,Product_249,Beauty,A,911.36,1259.67
250,Product_250,Fashion,D,75.3,1357.33
251,Product_251,Home,A,157.67,1467.32
252,Product_252,Home,C,1554.11,1472.19
253,Product_253,Beauty,C,702.89,1471.03
254,Product_254,Home,A,1599.09,1073.7
255,Product_255,Beauty,B,985.89,852.73
256,Product_256,Electronics,A,1621.54,275.07
257,Product_257,Beauty,D,1343.99,1155.25
258,Product_258,Fashion,B,441.95,1107.62
259,Product_259,Home,C,923.06,1266.76
260,Product_260,Electronics,D,1423.45,704.43
261,Product_261,Home,C,694.7,1340.78
262,Product_262,Home,D,426.94,1083.64
263,Product_263,Beauty,D,1102.73,273.27
264,Product_264,Home,D,583.61,326.22
265,Product_265,Electronics,C,1208.97,1225.11
266,Product_266,Sports,A,579.88,650.03
267,Product_267,Home,A,1817.83,388.54
268,Product_268,Beauty,B,720.61,645.41
269,Product_269,Fashion,C,1819.53,258.84
270,Product_270,Home,B,594.99,1339.77
271,Product_271,Beauty,B,1228.69,125.88
272,Product_272,Home,D,303.93,542.8
273,Product_273,Sports,D,1567.83,844.25
274,Product_274,Sports,A,440.42,1313.0
275,Product_275,Electronics,A,1734.84,1176.69
276,Product_276,Sports,B,932.27,53.19
277,Product_277,Beauty,B,234.35,1241.37
278,Product_278,Sports,B,758.9,964.42
279,Product_279,Beauty,A,1570.47,217.36
280,Product_280,Home,B,198.78,933.87
281,Product_281,Electronics,A,1270.17,1230.48
282,Product_282,Electronics,C,1039.17,911.13
283,Product_283,Sports,C,654.25,1498.74
284,Product_284,Fashion,B,1523.45,770.37
285,Product_285,Sports,A,152.26,1016.23
286,Product_286,Fashion,C,1020.4,124.15
287,Product_287,Sports,A,1038.38,1223.53
288,Product_288,Beauty,A,218.49,943.67
289,Product_289,Beauty,C,315.24,850.64
290,Product_290,Fashion,B,848.83,1069.04
291,Product_291,Electronics,B,1096.22,849.55
292,Product_292,Fashion,C,153.73,1154.35
293,Product_293,Home,D,72.93,883.6
294,Product_294,Electronics,A,425.58,789.68
295,Product_295,Fashion,D,1001.23,219.83
296,Product_296,Home,B,128.54,718.31
297,Product_297,Home,A,1479.81,816.59
298,Product_298,Sports,C,346.26,944.37
299,Product_299,Fashion,B,1556.59,694.72
300,Product_300,Beauty,B,449.23,237.03
301,Product_301,Sports,B,725.91,242.54
302,Product_302,Electronics,C,984.23,1087.06
303,Product_303,Beauty,C,727.18,998.94
304,Product_304,Home,D,96.06,404.06
305,Product_305,Electronics,C,1821.72,679.87
306,Product_306,Sports,D,608.61,474.3
307,Product_307,Home,A,315.27,287.91
308,Product_308,Home,A,308.41,502.72
309,Product_309,Home,A,1950.49,408.78
310,Product_310,Beauty,B,289.96,141.99
311,Product_311,Sports,B,725.77,766.64
312,Product_312,Sports,B,181.86,687.31
313,Product_313,Beauty,C,1484.17,1077.62
314,Product_314,Sports,C,1213.67,938.05
315,Product_315,Home,D,1090.46,528.2
316,Product_316,Home,B,1718.89,754.53
317,Product_317,Home,C,1168.01,813.4
318,Product_318,Sports,A,1913.29,1377.97
319,Product_319,Fashion,A,1264.42,1472.91
320,Product_320,Electronics,C,740.96,1227.0
321,Product_321,Fashion,A,121.66,851.91
322,Product_322,Beauty,A,1464.29,1393.6
323,Product_323,Fashion,D,778.61,283.61
324,Product_324,Fashion,A,1218.44,1050.81
325,Product_325,Beauty,B,1758.88,701.49
326,Product_326,Fashion,C,64.93,234.23
327,Product_327,Electronics,C,1531.24,131.31
328,Product_328,Sports,B,898.81,731.5
329,Product_329,Beauty,A,291.92,373.67
330,Product_330,Fashion,D,1185.79,390.75
331,Product_331,Home,D,1088.6,493.92
332,Product_332,Home,B,1692.5,1083.18
333,Product_333,Beauty,A,1067.05,262.85
334,Product_334,Home,B,1663.34,1081.98
335,Product_335,Electronics,D,1111.75,1178.41
336,Product_336,Fashion,A,921.54,899.83
337,Product_337,Electronics,B,773.81,386.39
338,Product_338,Electronics,B,388.71,96.27
339,Product_339,Sports,A,1188.86,623.76
340,Product_340,Fashion,D,1111.29,1274.22
341,Product_341,Beauty,A,1952.69,170.77
342,Product_342,Home,D,854.2,1122.35
343,Product_343,Sports,C,871.97,712.48
344,Product_344,Electronics,D,369.55,1350.27
345,Product_345,Home,D,1215.26,547.17
346,Product_346,Fashion,C,1703.31,1063.03
347,Product_347,Electronics,B,533.45,1115.38
348,Product_348,Electronics,B,67.7,314.14
349,Product_349,Fashion,D,1398.37,254.06
350,Product_350,Beauty,C,111.18,157.24
351,Product_351,Sports,C,848.09,1058.34
352,Product_352,Fashion,A,1244.79,831.26
353,Product_353,Home,D,802.72,148.34
354,Product_354,Home,C,558.13,476.33
355,Product_355,Electronics,B,1608.57,230.67
356,Product_356,Sports,C,636.82,157.17
357,Product_357,Beauty,C,401.09,462.18
358,Product_358,Beauty,C,807.37,162.52
359,Product_359,Home,C,306.75,405.08
360,Product_360,Beauty,B,1396.27,838.02
361,Product_361,Home,C,1434.66,850.14
362,Product_362,Sports,D,78.82,268.64
363,Product_363,Electronics,C,1404.99,302.7
364,Product_364,Home,B,633.03,1285.36
365,Product_365,Sports,D,1329.6,267.06
366,Product_366,Home,C,1427.64,87.7
367,Product_367,Fashion,B,591.67,382.33
368,Product_368,Home,D,411.5,873.11
369,Product_369,Sports,C,1661.4,30.69
370,Product_370,Beauty,C,1491.41,1477.78
371,Product_371,Home,C,1682.43,360.98
372,Product_372,Electronics,D,899.65,372.41
373,Product_373,Sports,A,939.92,1113.15
374,Product_374,Beauty,C,721.13,387.31
375,Product_375,Sports,B,1023.17,606.3
376,Product_376,Home,A,1310.81,825.0
377,Product_377,Fashion,C,1638.36,52.37
378,Product_378,Fashion,B,407.18,1259.19
379,Product_379,Electronics,C,840.56,777.84
380,Product_380,Electronics,B,949.34,483.12
381,Product_381,Beauty,C,1001.59,611.68
382,Product_382,Fashion,B,1106.85,102.62
383,Product_383,Home,B,1613.41,1082.61
384,Product_384,Sports,A,1778.19,818.47
385,Product_385,Sports,A,360.36,1372.71
386,Product_386,Fashion,D,1439.73,707.0
387,Product_387,Fashion,B,984.26,1246.03
388,Product_388,Sports,B,864.55,298.73
389,Product_389,Beauty,A,271.02,103.63
390,Product_390,Sports,D,175.06,1423.69
391,Product_391,Electronics,B,1956.73,400.3
392,Product_392,Home,C,1302.62,1253.7
393,Product_393,Fashion,C,932.23,400.85
394,Product_394,Fashion,D,1535.44,250.65
395,Product_395,Beauty,B,227.71,1104.15
396,Product_396,Electronics,B,1234.52,1172.04
397,Product_397,Sports,A,1338.19,1268.55
398,Product_398,Electronics,A,931.51,1300.01
399,Product_399,Electronics,B,542.57,735.03
400,Product_400,Beauty,C,1911.44,612.32
401,Product_401,Beauty,A,637.21,1131.43
402,Product_402,Sports,C,293.35,862.69
403,Product_403,Sports,C,1279.42,1448.62
404,Product_404,Home,C,1169.93,576.24
405,Product_405,Electronics,C,1521.81,83.46
406,Product_406,Sports,D,1519.88,892.17
407,Product_407,Beauty,D,1259.46,543.14
408,Product_408,Home,A,454.69,527.16
409,Product_409,Home,B,1779.93,855.49
410,Product_410,Beauty,D,534.15,1384.24
411,Product_411,Sports,B,233.27,415.1
412,Product_412,Beauty,A,637.92,581.8
413,Product_413,Sports,C,992.3,1339.05
414,Product_414,Beauty,B,454.01,1344.92
415,Product_415,Beauty,D,700.66,367.19
416,Product_416,Fashion,B,1051.7,1065.37
417,Product_417,Sports,D,679.73,635.03
418,Product_418,Electronics,B,224.17,1405.28
419,Product_419,Fashion,D,434.57,1103.72
420,Product_420,Fashion,C,1598.7,751.64
421,Product_421,Fashion,B,1910.95,1229.77
422,Product_422,Fashion,A,339.45,1496.86
423,Product_423,Electronics,B,1377.99,681.62
424,Product_424,Fashion,D,1815.88,572.8
425,Product_425,Electronics,B,633.33,918.41
426,Product_426,Electronics,A,1667.45,1030.96
427,Product_427,Fashion,C,1814.62,1062.58
428,Product_428,Home,B,634.02,720.9
429,Product_429,Electronics,C,160.64,511.79
430,Product_430,Fashion,C,1837.75,1236.45
431,Product_431,Beauty,C,694.44,1438.23
432,Product_432,Beauty,D,76.79,1298.69
433,Product_433,Sports,B,976.09,1029.88
434,Product_434,Electronics,B,275.96,553.02
435,Product_435,Electronics,A,1808.32,941.28
436,Product_436,Beauty,C,352.24,169.72
437,Product_437,Electronics,D,643.62,810.19
438,Product_438,Electronics,D,1591.38,1176.2
439,Product_439,Beauty,A,1622.38,391.57
440,Product_440,Fashion,B,1807.5,762.27
441,Product_441,Beauty,B,1019.92,128.45
442,Product_442,Home,D,1974.11,1260.98
443,Product_443,Beauty,D,1056.57,538.34
444,Product_444,Beauty,A,1591.88,881.67
445,Product_445,Fashion,D,755.71,580.23
446,Product_446,Beauty,D,1885.52,904.45
447,Product_447,Beauty,A,1385.78,1121.41
448,Product_448,Fashion,C,200.34,503.69
449,Product_449,Beauty,D,261.61,788.51
450,Product_450,Fashion,B,1787.08,1196.41
451,Product_451,Home,C,1628.64,1038.02
452,Product_452,Fashion,D,693.68,104.47
453,Product_453,Electronics,C,1067.11,861.76
454,Product_454,Electronics,D,1712.86,576.97
455,Product_455,Fashion,B,251.69,1068.99
456,Product_456,Beauty,D,319.37,44.67
457,Product_457,Sports,B,1445.28,509.28
458,Product_458,Sports,D,210.3,148.01
459,Product_459,Home,D,737.5,1382.33
460,Product_460,Home,C,541.03,1317.22
461,Product_461,Sports,A,1532.56,1452.77
462,Product_462,Sports,B,54.77,972.33
463,Product_463,Fashion,C,275.0,1214.43
464,Product_464,Sports,A,243.06,925.57
465,Product_465,Electronics,C,670.25,748.22
466,Product_466,Home,B,503.34,1254.05
467,Product_467,Home,A,495.15,1168.73
468,Product_468,Electronics,A,772.27,1105.25
469,Product_469,Home,A,467.4,1342.99
470,Product_470,Sports,B,257.12,1394.54
471,Product_471,Home,B,1187.34,679.03
472,Product_472,Electronics,C,1905.89,438.58
473,Product_473,Home,D,1233.97,777.44
474,Product_474,Sports,D,1526.19,157.74
475,Product_475,Fashion,D,1945.74,1408.48
476,Product_476,Sports,D,348.67,1476.1
477,Product_477,Home,C,946.63,986.0
478,Product_478,Beauty,B,1184.6,1124.32
479,Product_479,Home,C,678.12,499.03
480,Product_480,Home,A,1245.6,1302.08
481,Product_481,Electronics,B,1266.45,1352.45
482,Product_482,Beauty,B,1692.35,133.82
483,Product_483,Electronics,D,1673.4,214.54
484,Product_484,Electronics,C,327.92,406.06
485,Product_485,Sports,D,379.34,1061.44
486,Product_486,Fashion,B,483.63,291.38
487,Product_487,Home,D,559.4,345.72
488,Product_488,Beauty,A,1150.76,585.16
489,Product_489,Home,B,688.61,925.22
490,Product_490,Electronics,A,1908.28,1464.94
491,Product_491,Fashion,B,280.69,1180.16
492,Product_492,Electronics,D,530.65,846.29
493,Product_493,Home,B,1743.22,93.09
494,Product_494,Sports,B,1189.45,784.92
495,Product_495,Home,C,1117.49,322.05
496,Product_496,Electronics,C,1208.97,464.1
497,Product_497,Beauty,A,541.92,391.27
498,Product_498,Beauty,C,1534.82,534.22
499,Product_499,Beauty,B,1018.24,112.14
500,Product_500,Beauty,C,133.06,873.72
501,Product_501,Beauty,D,395.46,87.71
502,Product_502,Fashion,C,1642.42,997.66
503,Product_503,Fashion,A,722.84,1101.59
504,Product_504,Sports,B,1558.22,739.37
505,Product_505,Beauty,D,1343.58,1176.26
506,Product_506,Electronics,D,637.85,1451.74
507,Product_507,Electronics,A,297.72,523.28
508,Product_508,Home,C,1623.54,935.98
509,Product_509,Beauty,B,1304.02,499.12
510,Product_510,Electronics,A,636.56,676.21
511,Product_511,Sports,D,1070.39,50.82
512,Product_512,Electronics,D,1243.21,130.04
513,Product_513,Sports,D,54.13,1200.34
514,Product_514,Beauty,A,1357.5,227.06
515,Product_515,Home,D,1329.35,1054.74
516,Product_516,Home,B,211.03,1069.12
517,Product_517,Fashion,D,1586.12,1494.41
518,Product_518,Beauty,A,1658.92,1049.48
519,Product_519,Electronics,A,615.82,210.54
520,Product_520,Home,D,366.31,947.28
521,Product_521,Sports,A,1388.64,795.73
522,Product_522,Sports,C,290.53,1377.74
523,Product_523,Electronics,A,1723.18,1041.42
524,Product_524,Electronics,C,986.25,787.35
525,Product_525,Beauty,A,1824.13,943.84
526,Product_526,Electronics,A,1302.23,676.32
527,Product_527,Electronics,A,605.93,772.44
528,Product_528,Electronics,D,962.67,1089.07
529,Product_529,Home,A,1082.23,135.95
530,Product_530,Beauty,B,1639.56,930.7
531,Product_531,Electronics,D,1730.62,150.56
532,Product_532,Electronics,C,1381.87,1285.51
533,Product_533,Sports,B,623.69,1414.85
534,Product_534,Home,B,1080.71,1174.7
535,Product_535,Electronics,B,304.71,1082.69
536,Product_536,Home,B,498.71,1416.75
537,Product_537,Beauty,A,640.96,343.42
538,Product_538,Beauty,A,191.88,358.67
539,Product_539,Fashion,B,1775.73,731.9
540,Product_540,Sports,D,289.16,31.05
541,Product_541,Fashion,B,1408.84,1448.3
542,Product_542,Home,C,1036.04,67.73
543,Product_543,Sports,B,1671.95,902.25
544,Product_544,Electronics,A,1495.02,543.88
545,Product_545,Sports,C,1531.49,172.39
546,Product_546,Sports,D,865.78,56.43
547,Product_547,Beauty,B,1676.25,408.38
548,Product_548,Fashion,C,234.75,177.89
549,Product_549,Beauty,B,916.62,1411.69
550,Product_550,Beauty,D,1989.5,382.25
551,Product_551,Fashion,D,1898.82,159.32
552,Product_552,Beauty,C,210.31,1159.13
553,Product_553,Sports,D,1167.32,633.09
554,Product_554,Home,C,665.52,1268.63
555,Product_555,Electronics,D,1470.52,1260.88
556,Product_556,Electronics,A,1484.79,1488.72
557,Product_557,Beauty,C,50.18,1209.67
558,Product_558,Fashion,B,1699.35,336.94
559,Product_559,Sports,C,485.99,887.94
560,Product_560,Beauty,D,1933.52,798.85
561,Product_561,Sports,D,1815.59,772.12
562,Product_562,Sports,D,421.79,459.28
563,Product_563,Electronics,B,1290.85,331.01
564,Product_564,Home,B,627.89,1081.0
565,Product_565,Home,D,250.82,170.61
566,Product_566,Fashion,A,1754.3,93.43
567,Product_567,Home,C,402.61,584.24
568,Product_568,Beauty,D,870.89,1121.01
569,Product_569,Electronics,A,1852.17,1305.43
570,Product_570,Electronics,B,196.94,819.39
571,Product_571,Sports,D,1123.64,1263.1
572,Product_572,Beauty,C,1165.68,57.43
573,Product_573,Beauty,C,1537.98,693.95
574,Product_574,Sports,B,1662.91,217.42
575,Product_575,Sports,D,877.08,882.42
576,Product_576,Electronics,D,1500.18,1383.06
577,Product_577,Beauty,D,1825.36,30.64
578,Product_578,Home,A,1778.22,1008.97
579,Product_579,Home,A,1028.55,1192.68
580,Product_580,Electronics,D,1233.71,1121.83
581,Product_581,Home,C,1361.98,49.26
582,Product_582,Home,A,1647.26,277.35
583,Product_583,Beauty,C,1040.08,159.71
584,Product_584,Beauty,A,268.21,146.47
585,Product_585,Fashion,B,801.34,1100.67
586,Product_586,Beauty,B,1454.39,648.69
587,Product_587,Fashion,B,1266.41,1092.74
588,Product_588,Beauty,C,1519.31,553.91
589,Product_589,Sports,C,1024.91,193.23
590,Product_590,Beauty,D,390.09,1083.31
591,Product_591,Fashion,D,274.65,946.56
592,Product_592,Home,B,988.46,187.2
593,Product_593,Beauty,B,451.16,1388.06
594,Product_594,Home,A,1965.42,477.2
595,Product_595,Home,B,437.57,989.0
596,Product_596,Beauty,B,1155.23,67.33
597,Product_597,Beauty,B,53.45,675.7
598,Product_598,Sports,C,544.61,1447.26
599,Product_599,Fashion,C,555.32,1332.03
600,Product_600,Beauty,B,1489.08,347.59
601,Product_601,Home,A,1016.47,1321.11
602,Product_602,Home,A,73.58,453.74
603,Product_603,Beauty,D,789.38,1281.31
604,Product_604,Fashion,B,1307.32,1099.26
605,Product_605,Home,C,1291.58,541.04
606,Product_606,Sports,B,155.08,1367.97
607,Product_607,Home,A,1861.38,738.21
608,Product_608,Fashion,C,531.63,490.19
609,Product_609,Electronics,C,1788.48,433.94
610,Product_610,Sports,C,466.16,1409.82
611,Product_611,Sports,D,1157.31,1142.7
612,Product_612,Electronics,B,841.86,537.85
613,Product_613,Sports,B,1183.63,396.17
614,Product_614,Sports,B,1020.83,333.19
615,Product_615,Sports,A,53.99,381.85
616,Product_616,Home,C,735.1,184.25
617,Product_617,Home,C,71.87,737.41
618,Product_618,Beauty,A,1382.56,80.79
619,Product_619,Beauty,D,1714.32,37.04
620,Product_620,Home,A,800.19,934.75
621,Product_621,Sports,C,1073.36,150.95
622,Product_622,Fashion,D,178.38,1270.91
623,Product_623,Electronics,D,801.13,177.96
624,Product_624,Beauty,C,320.78,823.15
625,Product_625,Sports,A,176.17,1019.75
626,Product_626,Beauty,B,385.46,359.15
627,Product_627,Fashion,B,1748.15,1334.63
628,Product_628,Sports,B,1965.3,732.45
629,Product_629,Home,A,1764.47,486.67
630,Product_630,Fashion,C,1940.86,1353.67
631,Product_631,Beauty,A,1475.07,1290.34
632,Product_632,Sports,B,361.43,1070.25
633,Product_633,Sports,B,1148.18,449.91
634,Product_634,Electronics,B,1476.61,597.51
635,Product_635,Electronics,A,1051.25,1040.81
636,Product_636,Electronics,A,1131.6,294.22
637,Product_637,Home,B,1193.07,752.77
638,Product_638,Sports,D,960.35,1111.83
639,Product_639,Sports,B,616.65,993.42
640,Product_640,Beauty,C,1292.2,1085.5
641,Product_641,Home,A,154.34,1340.04
642,Product_642,Electronics,D,383.31,1453.06
643,Product_643,Sports,D,1854.26,698.41
644,Product_644,Electronics,C,1003.19,108.77
645,Product_645,Fashion,B,1652.28,1254.84
646,Product_646,Home,B,1466.75,194.59
647,Product_647,Electronics,B,675.38,344.78
648,Product_648,Home,C,1617.12,986.69
649,Product_649,Sports,A,228.08,1123.69
650,Product_650,Fashion,A,1756.21,1048.08
651,Product_651,Beauty,C,1377.09,668.97
652,Product_652,Fashion,A,1857.79,1378.74
653,Product_653,Home,C,1796.25,1251.65
654,Product_654,Fashion,C,791.51,1002.25
655,Product_655,Sports,D,1720.82,672.79
656,Product_656,Home,D,1147.88,706.46
657,Product_657,Home,A,356.37,280.43
658,Product_658,Sports,D,1667.62,1173.96
659,Product_659,Electronics,A,1820.44,1301.63
660,Product_660,Beauty,C,214.87,1244.38
661,Product_661,Fashion,A,1864.58,829.7
662,Product_662,Beauty,D,1222.47,1260.15
663,Product_663,Beauty,A,100.5,1189.81
664,Product_664,Sports,D,1106.5,1251.89
665,Product_665,Electronics,C,1603.66,1473.26
666,Product_666,Beauty,B,1089.7,1218.8
667,Product_667,Home,C,1429.13,420.62
668,Product_668,Electronics,D,1765.19,1234.88
669,Product_669,Sports,A,1746.03,575.94
670,Product_670,Beauty,D,398.8,783.96
671,Product_671,Sports,D,882.9,1198.67
672,Product_672,Fashion,B,266.77,488.74
673,Product_673,Sports,A,1210.44,58.6
674,Product_674,Home,D,1911.72,1082.85
675,Product_675,Sports,C,404.6,1355.22
676,Product_676,Electronics,C,837.08,1393.27
677,Product_677,Fashion,D,1910.35,1202.39
678,Product_678,Home,D,1512.73,1404.01
679,Product_679,Fashion,D,188.78,1234.57
680,Product_680,Home,D,885.41,64.55
681,Product_681,Fashion,C,1976.38,537.49
682,Product_682,Beauty,B,933.82,517.44
683,Product_683,Sports,D,1277.33,344.36
684,Product_684,Electronics,A,1416.9,1200.95
685,Product_685,Electronics,B,1344.67,789.73
686,Product_686,Beauty,C,1061.5,1257.71
687,Product_687,Fashion,D,308.95,910.0
688,Product_688,Sports,D,1431.41,894.1
689,Product_689,Beauty,D,1869.99,588.54
690,Product_690,Fashion,D,1886.31,1188.61
691,Product_691,Sports,A,1207.11,1030.98
692,Product_692,Fashion,D,1009.79,521.35
693,Product_693,Electronics,C,701.22,1490.49
694,Product_694,Sports,A,251.96,704.93
695,Product_695,Electronics,B,1772.08,488.55
696,Product_696,Electronics,B,317.25,1037.93
697,Product_697,Sports,B,611.49,349.75
698,Product_698,Beauty,D,1493.78,1249.35
699,Product_699,Fashion,B,1424.29,1026.94
700,Product_700,Sports,A,1377.97,1307.7
701,Product_701,Electronics,A,1496.33,507.0
702,Product_702,Fashion,B,1106.86,1284.55
703,Product_703,Sports,B,352.15,761.38
704,Product_704,Beauty,A,1996.8,107.55
705,Product_705,Sports,C,1789.67,307.37
706,Product_706,Sports,B,890.75,342.12
707,Product_707,Home,A,1084.14,1156.63
708,Product_708,Fashion,B,817.42,320.63
709,Product_709,Sports,A,1294.06,851.64
710,Product_710,Electronics,D,1475.72,985.76
711,Product_711,Electronics,B,501.55,1165.31
712,Product_712,Home,B,893.95,1180.14
713,Product_713,Electronics,C,1298.46,1082.05
714,Product_714,Sports,C,1976.64,335.51
715,Product_715,Fashion,C,683.5,824.33
716,Product_716,Home,C,1502.75,449.45
717,Product_717,Home,B,726.01,1167.14
718,Product_718,Beauty,B,230.06,1127.18
719,Product_719,Beauty,C,1551.78,359.88
720,Product_720,Fashion,C,1316.15,969.19
721,Product_721,Fashion,B,1052.96,106.47
722,Product_722,Home,D,1366.32,1157.45
723,Product_723,Sports,A,1764.64,1174.7
724,Product_724,Sports,C,1525.2,533.58
725,Product_725,Beauty,A,1722.74,1213.26
726,Product_726,Fashion,D,615.54,1290.28
727,Product_727,Fashion,D,1610.94,301.29
728,Product_728,Sports,D,752.02,539.32
729,Product_729,Beauty,B,90.27,406.4
730,Product_730,Sports,A,134.21,574.05
731,Product_731,Sports,D,1474.19,681.42
732,Product_732,Home,C,580.22,774.75
733,Product_733,Fashion,D,649.79,71.95
734,Product_734,Home,C,1264.03,101.65
735,Product_735,Home,C,1495.94,989.75
736,Product_736,Sports,D,1139.82,675.26
737,Product_737,Beauty,C,1427.43,152.81
738,Product_738,Sports,C,1885.05,591.62
739,Product_739,Beauty,B,1715.61,723.73
740,Product_740,Fashion,A,519.57,960.67
741,Product_741,Electronics,B,1818.24,195.13
742,Product_742,Fashion,B,629.67,1492.31
743,Product_743,Sports,B,1338.15,722.56
744,Product_744,Beauty,A,1755.7,1027.57
745,Product_745,Electronics,A,1265.72,1364.16
746,Product_746,Beauty,D,1622.08,67.1
747,Product_747,Beauty,B,1858.33,910.01
748,Product_748,Electronics,A,1935.53,819.73
749,Product_749,Electronics,D,850.73,104.96
750,Product_750,Fashion,B,1985.9,1045.68
751,Product_751,Home,B,579.78,346.76
752,Product_752,Electronics,C,951.26,1058.78
753,Product_753,Home,A,1533.38,556.69
754,Product_754,Home,C,1941.8,1159.79
755,Product_755,Home,B,153.24,1413.81
756,Product_756,Home,B,1894.0,1293.56
757,Product_757,Electronics,B,1997.42,734.21
758,Product_758,Beauty,D,1823.68,353.4
759,Product_759,Electronics,C,261.35,1488.79
760,Product_760,Electronics,C,1689.37,996.06
761,Product_761,Sports,B,1297.54,606.01
762,Product_762,Sports,C,68.58,732.66
763,Product_763,Fashion,B,1969.53,209.52
764,Product_764,Home,B,343.52,767.83
765,Product_765,Home,C,823.8,276.28
766,Product_766,Sports,A,109.03,561.3
767,Product_767,Beauty,B,653.56,747.82
768,Product_768,Fashion,B,1158.24,1422.74
769,Product_769,Beauty,C,1865.16,944.55
770,Product_770,Sports,C,1981.21,570.4
771,Product_771,Beauty,C,875.55,187.37
772,Product_772,Home,B,884.96,1125.84
773,Product_773,Sports,A,362.67,710.94
774,Product_774,Beauty,A,1021.8,120.87
775,Product_775,Fashion,A,1883.16,992.17
776,Product_776,Fashion,B,372.52,538.16
777,Product_777,Electronics,C,569.62,617.76
778,Product_778,Sports,A,1788.07,1261.5
779,Product_779,Sports,A,1271.54,223.22
780,Product_780,Sports,A,694.49,523.75
781,Product_781,Home,B,1634.85,558.23
782,Product_782,Home,C,262.48,24.93
783,Product_783,Sports,D,1723.79,1271.09
784,Product_784,Beauty,C,1060.1,1256.26
785,Product_785,Home,C,1526.02,999.52
786,Product_786,Sports,C,1060.86,1350.43
787,Product_787,Home,A,530.23,423.87
788,Product_788,Electronics,C,1299.65,346.53
789,Product_789,Fashion,A,351.84,121.41
790,Product_790,Electronics,B,498.25,896.18
791,Product_791,Sports,D,1121.19,754.61
792,Product_792,Fashion,B,810.47,1219.39
793,Product_793,Beauty,B,1503.14,732.3
794,Product_794,Sports,D,1187.97,320.79
795,Product_795,Beauty,C,793.6,1218.2
796,Product_796,Beauty,C,687.12,694.07
797,Product_797,Home,A,1830.82,1434.63
798,Product_798,Home,C,128.16,811.02
799,Product_799,Fashion,D,1397.51,192.77
800,Product_800,Fashion,B,814.2,1279.52
801,Product_801,Home,C,785.85,1320.05
802,Product_802,Fashion,A,1321.16,679.24
803,Product_803,Electronics,B,1708.41,58.47
804,Product_804,Sports,B,1462.6,63.99
805,Product_805,Electronics,A,1356.72,539.7
806,Product_806,Sports,B,1017.59,1080.02
807,Product_807,Home,A,964.9,509.96
808,Product_808,Electronics,A,948.39,31.44
809,Product_809,Beauty,D,333.62,1275.89
810,Product_810,Electronics,D,1141.03,1453.72
811,Product_811,Fashion,C,665.16,532.63
812,Product_812,Electronics,D,1255.54,128.15
813,Product_813,Home,B,1091.95,451.29
814,Product_814,Home,C,1882.85,1202.53
815,Product_815,Fashion,C,898.11,822.54
816,Product_816,Sports,A,1345.57,588.3
817,Product_817,Fashion,D,1205.96,514.66
818,Product_818,Sports,A,1384.57,190.78
819,Product_819,Home,C,570.6,522.48
820,Product_820,Home,A,551.64,715.76
821,Product_821,Sports,B,1141.37,1016.25
822,Product_822,Electronics,B,1705.67,407.88
823,Product_823,Electronics,C,1454.02,1348.12
824,Product_824,Fashion,B,1003.42,737.5
825,Product_825,Home,D,547.43,619.64
826,Product_826,Electronics,C,1530.73,899.05
827,Product_827,Home,D,1856.18,268.08
828,Product_828,Fashion,B,465.39,177.75
829,Product_829,Beauty,A,1608.23,532.88
830,Product_830,Home,D,386.27,79.1
831,Product_831,Beauty,D,1806.53,578.82
832,Product_832,Home,B,1302.0,1013.8
833,Product_833,Sports,D,402.97,1221.94
834,Product_834,Beauty,D,120.71,878.05
835,Product_835,Sports,A,1404.5,1043.17
836,Product_836,Sports,C,1231.9,1253.03
837,Product_837,Fashion,B,1242.07,1164.23
838,Product_838,Fashion,A,990.41,493.57
839,Product_839,Electronics,A,1248.16,868.67
840,Product_840,Beauty,C,1752.79,411.98
841,Product_841,Electronics,C,1906.4,872.97
842,Product_842,Beauty,B,721.79,650.48
843,Product_843,Fashion,B,1001.35,571.74
844,Product_844,Fashion,B,582.4,291.67
845,Product_845,Fashion,A,852.59,851.39
846,Product_846,Beauty,D,1601.98,1099.39
847,Product_847,Fashion,C,878.73,865.49
848,Product_848,Electronics,B,813.7,122.46
849,Product_849,Sports,B,1707.72,1388.0
850,Product_850,Beauty,A,52.48,28.13
851,Product_851,Sports,B,1711.77,1329.89
852,Product_852,Electronics,A,403.75,1153.79
853,Product_853,Home,D,585.3,162.9
854,Product_854,Fashion,A,755.14,370.12
855,Product_855,Electronics,C,1767.27,536.47
856,Product_856,Home,A,1821.93,1367.25
857,Product_857,Beauty,D,1339.3,1470.29
858,Product_858,Electronics,D,906.91,149.01
859,Product_859,Beauty,C,1056.45,607.46
860,Product_860,Sports,A,1181.78,240.94
861,Product_861,Sports,C,1910.28,432.09
862,Product_862,Beauty,D,1939.88,1471.98
863,Product_863,Sports,A,1702.3,1476.95
864,Product_864,Sports,B,1188.27,718.76
865,Product_865,Fashion,D,811.93,291.05
866,Product_866,Beauty,D,499.05,829.59
867,Product_867,Beauty,C,1092.19,494.61
868,Product_868,Home,D,723.98,1394.67
869,Product_869,Fashion,C,191.85,1230.96
870,Product_870,Electronics,A,978.63,477.08
871,Product_871,Fashion,B,1163.62,47.1
872,Product_872,Electronics,B,1242.06,1497.11
873,Product_873,Beauty,C,193.94,1031.35
874,Product_874,Fashion,B,992.06,650.08
875,Product_875,Home,B,1329.03,446.91
876,Product_876,Sports,D,1924.07,26.55
877,Product_877,Electronics,D,98.84,247.86
878,Product_878,Sports,A,1368.75,28.69
879,Product_879,Beauty,D,171.56,904.42
880,Product_880,Beauty,D,359.74,1001.75
881,Product_881,Beauty,D,387.95,1154.86
882,Product_882,Sports,D,691.3,296.76
883,Product_883,Beauty,B,1671.03,162.04
884,Product_884,Beauty,B,1719.66,982.68
885,Product_885,Sports,B,781.16,759.84
886,Product_886,Beauty,D,891.04,1316.02
887,Product_887,Electronics,B,473.21,809.23
888,Product_888,Fashion,A,893.4,678.34
889,Product_889,Electronics,A,585.93,742.28
890,Product_890,Beauty,D,391.02,1177.84
891,Product_891,Beauty,B,359.01,47.09
892,Product_892,Beauty,A,1562.51,1378.95
893,Product_893,Beauty,C,278.05,1077.0
894,Product_894,Sports,D,1251.27,1330.23
895,Product_895,Fashion,A,376.59,1440.21
896,Product_896,Sports,A,1683.79,354.49
897,Product_897,Sports,A,585.21,875.94
898,Product_898,Beauty,C,137.54,739.34
899,Product_899,Electronics,C,931.54,815.68
900,Product_900,Electronics,C,1999.6,89.99
901,Product_901,Home,A,1635.62,1372.7
902,Product_902,Fashion,C,1162.01,1432.93
903,Product_903,Home,D,419.41,1033.98
904,Product_904,Sports,C,279.13,402.25
905,Product_905,Home,D,1685.17,1185.07
906,Product_906,Home,A,1586.03,1101.65
907,Product_907,Home,B,951.27,870.39
908,Product_908,Fashion,D,871.75,271.95
909,Product_909,Electronics,D,1509.91,317.74
910,Product_910,Electronics,D,1095.27,892.32
911,Product_911,Home,A,838.13,210.66
912,Product_912,Fashion,D,540.86,1091.42
913,Product_913,Electronics,A,289.0,334.65
914,Product_914,Beauty,D,1209.85,1367.51
915,Product_915,Electronics,A,1660.8,1351.59
916,Product_916,Electronics,B,1505.06,454.53
917,Product_917,Fashion,A,1407.82,143.41
918,Product_918,Fashion,A,1861.26,924.9
919,Product_919,Electronics,B,819.31,683.65
920,Product_920,Beauty,A,317.57,232.69
921,Product_921,Beauty,A,248.8,806.59
922,Product_922,Home,D,1912.27,1489.23
923,Product_923,Home,A,1198.48,122.09
924,Product_924,Electronics,D,1631.05,410.57
925,Product_925,Electronics,B,1094.34,817.15
926,Product_926,Electronics,A,827.06,1194.17
927,Product_927,Beauty,B,440.53,47.77
928,Product_928,Sports,B,1720.0,1104.48
929,Product_929,Home,C,173.85,227.03
930,Product_930,Home,A,1805.45,1249.41
931,Product_931,Sports,A,449.77,1044.42
932,Product_932,Electronics,D,68.59,695.64
933,Product_933,Home,D,252.6,1235.94
934,Product_934,Beauty,C,1772.84,1104.91
935,Product_935,Sports,C,193.73,1143.59
936,Product_936,Beauty,A,742.72,449.31
937,Product_937,Electronics,A,538.12,936.74
938,Product_938,Home,C,121.87,228.84
939,Product_939,Beauty,A,1086.36,1234.87
940,Product_940,Sports,A,1996.75,799.58
941,Product_941,Electronics,A,1713.36,1240.83
942,Product_942,Home,C,379.34,332.51
943,Product_943,Home,C,1774.42,212.91
944,Product_944,Electronics,B,931.0,1039.67
945,Product_945,Electronics,D,582.84,106.43
946,Product_946,Electronics,B,1298.6,381.1
947,Product_947,Beauty,A,472.55,1364.9
948,Product_948,Fashion,A,1765.32,216.48
949,Product_949,Home,B,1267.16,575.82
950,Product_950,Beauty,B,315.24,1419.46
951,Product_951,Sports,B,1162.77,49.6
952,Product_952,Home,A,1045.22,679.07
953,Product_953,Fashion,A,969.34,1183.96
954,Product_954,Sports,B,761.7,1365.29
955,Product_955,Home,C,974.7,1108.65
956,Product_956,Fashion,D,1192.72,1334.82
957,Product_957,Electronics,D,1480.46,70.86
958,Product_958,Fashion,B,1839.86,167.82
959,Product_959,Home,C,136.55,1111.84
960,Product_960,Fashion,D,1160.22,1134.93
961,Product_961,Home,C,1516.35,915.8
962,Product_962,Home,D,275.33,1100.81
963,Product_963,Fashion,D,1827.42,1289.92
964,Product_964,Fashion,A,527.73,827.31
965,Product_965,Sports,C,1675.0,1422.04
966,Product_966,Sports,D,1340.91,1047.47
967,Product_967,Beauty,C,1141.12,718.53
968,Product_968,Home,B,1745.02,643.85
969,Product_969,Sports,B,1940.01,1130.25
970,Product_970,Beauty,C,1994.41,953.09
971,Product_971,Home,D,1382.4,1229.82
972,Product_972,Beauty,B,711.31,1175.86
973,Product_973,Sports,B,1755.66,795.82
974,Product_974,Beauty,D,1325.98,1419.64
975,Product_975,Fashion,B,680.49,1062.3
976,Product_976,Beauty,B,1868.11,317.24
977,Product_977,Electronics,D,1507.92,935.36
978,Product_978,Electronics,C,933.01,318.68
979,Product_979,Beauty,C,936.26,847.1
980,Product_980,Electronics,D,1992.06,1189.1
981,Product_981,Beauty,D,778.73,1222.51
982,Product_982,Beauty,C,233.46,983.22
983,Product_983,Beauty,D,1100.19,1179.29
984,Product_984,Electronics,C,1775.47,718.91
985,Product_985,Home,C,1189.81,834.97
986,Product_986,Beauty,A,1596.52,1321.82
987,Product_987,Beauty,B,156.99,749.76
988,Product_988,Fashion,D,1363.12,539.38
989,Product_989,Fashion,A,204.43,1199.55
990,Product_990,Sports,C,1134.9,94.7
991,Product_991,Electronics,D,1020.65,1438.37
992,Product_992,Home,B,1893.93,523.3
993,Product_993,Beauty,C,308.31,951.83
994,Product_994,Beauty,A,68.51,1034.47
995,Product_995,Electronics,C,317.84,222.88
996,Product_996,Sports,D,382.88,1237.83
997,Product_997,Sports,B,539.28,866.73
998,Product_998,Fashion,C,1639.42,505.33
999,Product_999,Electronics,D,784.92,1279.02
1000,Product_1000,Sports,D,1689.48,945.12
